table_name,ordinal_position,column_name,data_type,is_nullable,column_key,extra
biological_states,1,id,int,NO,PRI,auto_increment
biological_states,2,tissue_id,int,YES,MUL,
biological_states,3,subcellular_location_id,int,YES,MUL,
biological_states,4,created_at,datetime,YES,,
biological_states,5,updated_at,datetime,YES,,
biological_states,6,species_id,int,YES,MUL,
biological_states,7,cell_type_id,int,YES,MUL,
biological_states,8,user_id,int,NO,,
biological_states,9,pwbs_id,varchar,YES,,
bound_compound_visualizations,1,id,int,NO,PRI,auto_increment
bound_compound_visualizations,2,bound_visualization_id,int,YES,MUL,
bound_compound_visualizations,3,compound_location_id,int,YES,MUL,
bound_compound_visualizations,4,edge_id,int,YES,MUL,
bound_compound_visualizations,5,created_at,datetime,NO,,
bound_compound_visualizations,6,updated_at,datetime,NO,,
bound_element_collection_visualizations,1,id,int,NO,PRI,auto_increment
bound_element_collection_visualizations,2,bound_visualization_id,int,YES,MUL,
bound_element_collection_visualizations,3,element_collection_location_id,int,YES,MUL,
bound_element_collection_visualizations,4,edge_id,int,YES,MUL,
bound_element_collection_visualizations,5,created_at,datetime,NO,,
bound_element_collection_visualizations,6,updated_at,datetime,NO,,
bound_nucleic_acid_visualizations,1,id,int,NO,PRI,auto_increment
bound_nucleic_acid_visualizations,2,bound_visualization_id,int,YES,MUL,
bound_nucleic_acid_visualizations,3,nucleic_acid_location_id,int,YES,MUL,
bound_nucleic_acid_visualizations,4,edge_id,int,YES,MUL,
bound_nucleic_acid_visualizations,5,created_at,datetime,NO,,
bound_nucleic_acid_visualizations,6,updated_at,datetime,NO,,
bound_protein_complex_visualizations,1,id,int,NO,PRI,auto_increment
bound_protein_complex_visualizations,2,bound_visualization_id,int,YES,MUL,
bound_protein_complex_visualizations,3,protein_complex_visualization_id,int,YES,MUL,
bound_protein_complex_visualizations,4,edge_id,int,YES,MUL,
bound_protein_complex_visualizations,5,created_at,datetime,NO,,
bound_protein_complex_visualizations,6,updated_at,datetime,NO,,
bound_visualizations,1,id,int,NO,PRI,auto_increment
bound_visualizations,2,bound_id,int,YES,MUL,
bound_visualizations,3,biological_state_id,int,YES,MUL,
bound_visualizations,4,pathway_visualization_id,int,YES,MUL,
bound_visualizations,5,created_at,datetime,NO,,
bound_visualizations,6,updated_at,datetime,NO,,
compounds,1,id,int,NO,PRI,auto_increment
compounds,2,name,varchar,YES,,
compounds,3,created_at,datetime,YES,,
compounds,4,updated_at,datetime,YES,,
compounds,5,hmdb_id,varchar,YES,UNI,
compounds,6,description,text,YES,,
compounds,7,cas,varchar,YES,,
compounds,8,kegg_id,varchar,YES,,
compounds,9,pubchem_cid,varchar,YES,,
compounds,10,chebi_id,varchar,YES,,
compounds,11,biocyc_id,varchar,YES,,
compounds,12,chemspider_id,varchar,YES,,
compounds,13,drugbank_id,varchar,YES,,
compounds,14,moldb_id,int,YES,,
compounds,15,moldb_smiles,text,YES,,
compounds,16,moldb_formula,varchar,YES,,
compounds,17,moldb_inchi,text,YES,,
compounds,18,moldb_inchikey,varchar,YES,,
compounds,19,moldb_iupac,text,YES,,
compounds,20,moldb_average_mass,varchar,YES,,
compounds,21,moldb_mono_mass,varchar,YES,,
compounds,22,moldb_alogps_logs,varchar,YES,,
compounds,23,moldb_donor_count,varchar,YES,,
compounds,24,moldb_traditional_iupac,text,YES,,
compounds,25,moldb_formal_charge,int,YES,,
compounds,26,moldb_physiological_charge,int,YES,,
compounds,27,drugbank_metabolite_id,varchar,YES,,
compounds,28,foodb_id,varchar,YES,,
compounds,29,synonyms,text,YES,,
compounds,30,user_id,int,NO,,
compounds,31,pwc_id,varchar,YES,,
compounds,32,short_name,varchar,YES,,
compound_locations,1,id,int,NO,PRI,auto_increment
compound_locations,2,compound_id,int,YES,MUL,
compound_locations,3,pathway_visualization_id,int,YES,MUL,
compound_locations,4,created_at,datetime,YES,,
compound_locations,5,updated_at,datetime,YES,,
compound_locations,6,biological_state_id,int,YES,MUL,
compound_locations,7,visualization_template_id,int,YES,MUL,
compound_locations,8,hidden,tinyint,YES,,
compound_locations,9,x,int,YES,,
compound_locations,10,y,int,YES,,
compound_locations,11,zindex,int,YES,,
compound_locations,12,font_size,varchar,YES,,
contexts,1,id,int,NO,PRI,auto_increment
contexts,2,name,varchar,YES,,
contexts,3,created_at,datetime,NO,,
contexts,4,updated_at,datetime,NO,,
contexts,5,description,text,YES,,
contexts,6,subject,varchar,YES,,
contexts,7,user_id,int,NO,,
contexts,8,signature,text,YES,,
contexts,9,species_id,int,YES,,
contexts,10,pwx_id,varchar,YES,,
contexts,11,status,varchar,YES,,
context_elements,1,id,int,NO,PRI,auto_increment
context_elements,2,element_id,int,YES,MUL,
context_elements,3,element_type,varchar,YES,,
context_elements,4,relationship_type,varchar,YES,,
context_elements,5,context_id,int,YES,MUL,
drawable_element_locations,1,id,int,NO,PRI,auto_increment
drawable_element_locations,2,visualization_template_id,int,YES,MUL,
drawable_element_locations,3,pathway_visualization_id,int,YES,MUL,
drawable_element_locations,4,created_at,datetime,YES,,
drawable_element_locations,5,updated_at,datetime,YES,,
drawable_element_locations,6,x,int,YES,,
drawable_element_locations,7,y,int,YES,,
drawable_element_locations,8,scale_x,decimal,YES,,
drawable_element_locations,9,scale_y,decimal,YES,,
drawable_element_locations,10,degree,int,YES,,
drawable_element_locations,11,zindex,int,YES,,
drawable_element_locations,12,drawable_image_id,int,YES,,
element_collection_locations,1,id,int,NO,PRI,auto_increment
element_collection_locations,2,element_collection_id,int,YES,MUL,
element_collection_locations,3,pathway_visualization_id,int,YES,MUL,
element_collection_locations,4,visualization_template_id,int,YES,MUL,
element_collection_locations,5,biological_state_id,int,YES,MUL,
element_collection_locations,6,hidden,tinyint,YES,,
element_collection_locations,7,created_at,datetime,NO,,
element_collection_locations,8,updated_at,datetime,NO,,
element_collection_locations,9,x,int,YES,,
element_collection_locations,10,y,int,YES,,
element_collection_locations,11,zindex,int,YES,,
element_collection_locations,12,font_size,varchar,YES,,
element_states,1,id,int,NO,PRI,auto_increment
element_states,2,element_id,int,YES,MUL,
element_states,3,element_type,varchar,YES,,
element_states,4,biological_state_id,int,YES,,
element_states,5,created_at,datetime,NO,,
element_states,6,updated_at,datetime,NO,,
interaction_bound_visualizations,1,id,int,NO,PRI,auto_increment
interaction_bound_visualizations,2,interaction_visualization_id,int,YES,MUL,
interaction_bound_visualizations,3,bound_visualization_id,int,YES,MUL,
interaction_bound_visualizations,4,edge_id,int,YES,MUL,
interaction_bound_visualizations,5,side,varchar,YES,,
interaction_bound_visualizations,6,created_at,datetime,YES,,
interaction_bound_visualizations,7,updated_at,datetime,YES,,
interaction_compound_visualizations,1,id,int,NO,PRI,auto_increment
interaction_compound_visualizations,2,interaction_visualization_id,int,YES,MUL,
interaction_compound_visualizations,3,compound_location_id,int,YES,MUL,
interaction_compound_visualizations,4,edge_id,int,YES,MUL,
interaction_compound_visualizations,5,side,varchar,YES,,
interaction_compound_visualizations,6,created_at,datetime,YES,,
interaction_compound_visualizations,7,updated_at,datetime,YES,,
interaction_element_collection_visualizations,1,id,int,NO,PRI,auto_increment
interaction_element_collection_visualizations,2,interaction_visualization_id,int,YES,MUL,
interaction_element_collection_visualizations,3,element_collection_location_id,int,YES,MUL,
interaction_element_collection_visualizations,4,edge_id,int,YES,MUL,
interaction_element_collection_visualizations,5,side,varchar,YES,,
interaction_element_collection_visualizations,6,created_at,datetime,YES,,
interaction_element_collection_visualizations,7,updated_at,datetime,YES,,
interaction_nucleic_acid_visualizations,1,id,int,NO,PRI,auto_increment
interaction_nucleic_acid_visualizations,2,interaction_visualization_id,int,YES,MUL,
interaction_nucleic_acid_visualizations,3,nucleic_acid_location_id,int,YES,MUL,
interaction_nucleic_acid_visualizations,4,edge_id,int,YES,MUL,
interaction_nucleic_acid_visualizations,5,side,varchar,YES,,
interaction_nucleic_acid_visualizations,6,created_at,datetime,YES,,
interaction_nucleic_acid_visualizations,7,updated_at,datetime,YES,,
interaction_protein_complex_visualizations,1,id,int,NO,PRI,auto_increment
interaction_protein_complex_visualizations,2,interaction_visualization_id,int,YES,MUL,
interaction_protein_complex_visualizations,3,protein_complex_visualization_id,int,YES,MUL,
interaction_protein_complex_visualizations,4,edge_id,int,YES,MUL,
interaction_protein_complex_visualizations,5,side,varchar,YES,,
interaction_protein_complex_visualizations,6,created_at,datetime,YES,,
interaction_protein_complex_visualizations,7,updated_at,datetime,YES,,
interaction_visualizations,1,id,int,NO,PRI,auto_increment
interaction_visualizations,2,interaction_id,int,YES,MUL,
interaction_visualizations,3,pathway_visualization_id,int,YES,MUL,
interaction_visualizations,4,biological_state_id,int,YES,MUL,
interaction_visualizations,5,created_at,datetime,YES,,
interaction_visualizations,6,updated_at,datetime,YES,,
label_locations,1,id,int,NO,PRI,auto_increment
label_locations,2,visualization_template_id,int,YES,MUL,
label_locations,3,pathway_visualization_id,int,YES,MUL,
label_locations,4,label_text,text,YES,,
label_locations,5,created_at,datetime,NO,,
label_locations,6,updated_at,datetime,NO,,
label_locations,7,x,int,YES,,
label_locations,8,y,int,YES,,
label_locations,9,zindex,int,YES,,
label_locations,10,scale_x,decimal,YES,,
label_locations,11,scale_y,decimal,YES,,
membrane_visualizations,1,id,int,NO,PRI,auto_increment
membrane_visualizations,2,path,text,YES,,
membrane_visualizations,3,pathway_visualization_id,int,YES,MUL,
membrane_visualizations,4,created_at,datetime,YES,,
membrane_visualizations,5,updated_at,datetime,YES,,
membrane_visualizations,6,visualization_template_id,int,YES,MUL,
membrane_visualizations,7,options,text,YES,,
membrane_visualizations,8,complete_membrane,tinyint,YES,,
membrane_visualizations,9,zindex,int,YES,,
nucleic_acid_locations,1,id,int,NO,PRI,auto_increment
nucleic_acid_locations,2,nucleic_acid_id,int,YES,MUL,
nucleic_acid_locations,3,visualization_template_id,int,YES,MUL,
nucleic_acid_locations,4,pathway_visualization_id,int,YES,MUL,
nucleic_acid_locations,5,created_at,datetime,YES,,
nucleic_acid_locations,6,updated_at,datetime,YES,,
nucleic_acid_locations,7,biological_state_id,int,YES,MUL,
nucleic_acid_locations,8,hidden,tinyint,YES,,
nucleic_acid_locations,9,x,int,YES,,
nucleic_acid_locations,10,y,int,YES,,
nucleic_acid_locations,11,zindex,int,YES,,
nucleic_acid_locations,12,width,int,YES,,
nucleic_acid_locations,13,label_type,varchar,YES,,
nucleic_acid_locations,14,font_size,varchar,YES,,
pathways,1,id,int,NO,PRI,auto_increment
pathways,2,name,varchar,YES,,
pathways,3,description,text,YES,,
pathways,4,created_at,datetime,YES,,
pathways,5,updated_at,datetime,YES,,
pathways,6,subject,varchar,YES,,
pathways,7,user_id,int,NO,,
pathways,8,primary_spv,int,YES,,
pathways,9,private_pathway,tinyint,NO,,
pathways,10,example_id,int,YES,,
pathways,11,guest_identifier,varchar,YES,,
pathways,12,species_id,int,YES,,
pathways,13,locked,tinyint,YES,,
pathways,14,status,varchar,YES,,
pathway_elements,1,id,int,NO,PRI,auto_increment
pathway_elements,2,pathway_id,int,YES,MUL,
pathway_elements,3,element_id,int,YES,MUL,
pathway_elements,4,created_at,datetime,YES,,
pathway_elements,5,updated_at,datetime,YES,,
pathway_elements,6,element_type,varchar,YES,,
pathway_elements,7,biological_state_id,int,YES,MUL,
pathway_elements,8,process_type,varchar,YES,,
pathway_elements,9,process_id,varchar,YES,MUL,
pathway_sub_categories,1,id,int,NO,PRI,auto_increment
pathway_sub_categories,2,sub_category,varchar,YES,,
pathway_sub_categories,3,pathway_id,int,YES,MUL,
pathway_sub_categories,4,created_at,datetime,NO,,
pathway_sub_categories,5,updated_at,datetime,NO,,
pathway_visualizations,1,id,int,NO,PRI,auto_increment
pathway_visualizations,2,created_at,datetime,YES,,
pathway_visualizations,3,updated_at,datetime,YES,,
pathway_visualizations,4,height,int,YES,,
pathway_visualizations,5,width,int,YES,,
pathway_visualizations,6,pathway_id,int,YES,MUL,
pathway_visualizations,7,user_id,int,NO,,
pathway_visualizations,8,background_color,varchar,YES,,
pathway_visualizations,9,status,varchar,YES,,
pathway_visualization_contexts,1,id,int,NO,PRI,auto_increment
pathway_visualization_contexts,2,pathway_visualization_id,int,YES,MUL,
pathway_visualization_contexts,3,context_id,int,YES,MUL,
pathway_visualization_contexts,4,position,varchar,YES,,
pathway_visualization_contexts,5,created_at,datetime,NO,,
pathway_visualization_contexts,6,updated_at,datetime,NO,,
pathway_visualization_contexts,7,super_pathway_visualization_id,int,YES,MUL,
proteins,1,id,int,NO,PRI,auto_increment
proteins,2,name,varchar,YES,,
proteins,3,created_at,datetime,YES,,
proteins,4,updated_at,datetime,YES,,
proteins,5,uniprot_id,varchar,YES,MUL,
proteins,6,description,text,YES,,
proteins,7,hmdbp_id,varchar,YES,MUL,
proteins,8,gene_name,varchar,YES,,
proteins,9,locus,varchar,YES,,
proteins,10,drugbank_id,varchar,YES,,
proteins,11,genbank_id,varchar,YES,,
proteins,12,user_id,int,NO,,
proteins,13,species_id,int,YES,,
proteins,14,ec_numbers,varchar,YES,,
proteins,15,synonyms,text,YES,,
protein_complexes,1,id,int,NO,PRI,auto_increment
protein_complexes,2,name,varchar,YES,,
protein_complexes,3,created_at,datetime,YES,,
protein_complexes,4,updated_at,datetime,YES,,
protein_complexes,5,user_id,int,NO,,
protein_complexes,6,species_id,int,YES,,
protein_complexes,7,signature,text,YES,,
protein_complexes,8,pwp_id,varchar,YES,,
protein_complex_cofactors,1,id,int,NO,PRI,auto_increment
protein_complex_cofactors,2,protein_complex_id,int,YES,MUL,
protein_complex_cofactors,3,compound_id,int,YES,MUL,
protein_complex_cofactors,4,stoichiometry,int,YES,,
protein_complex_cofactors,5,created_at,datetime,YES,,
protein_complex_cofactors,6,updated_at,datetime,YES,,
protein_complex_compound_visualizations,1,id,int,NO,PRI,auto_increment
protein_complex_compound_visualizations,2,protein_complex_visualization_id,int,YES,MUL,
protein_complex_compound_visualizations,3,compound_location_id,int,YES,MUL,
protein_complex_compound_visualizations,4,created_at,datetime,YES,,
protein_complex_compound_visualizations,5,updated_at,datetime,YES,,
protein_complex_compound_visualizations,6,edge_id,int,YES,MUL,
protein_complex_compound_visualizations,7,compound_type,varchar,NO,,
protein_complex_proteins,1,id,int,NO,PRI,auto_increment
protein_complex_proteins,2,protein_complex_id,int,YES,MUL,
protein_complex_proteins,3,protein_id,int,YES,MUL,
protein_complex_proteins,4,stoichiometry,int,YES,,
protein_complex_proteins,5,created_at,datetime,YES,,
protein_complex_proteins,6,updated_at,datetime,YES,,
protein_complex_protein_modifications,1,id,int,NO,PRI,auto_increment
protein_complex_protein_modifications,2,protein_id,int,YES,MUL,
protein_complex_protein_modifications,3,compound_id,int,YES,MUL,
protein_complex_protein_modifications,4,created_at,datetime,YES,,
protein_complex_protein_modifications,5,updated_at,datetime,YES,,
protein_complex_protein_modifications,6,protein_complex_id,int,YES,MUL,
protein_complex_protein_visualizations,1,id,int,NO,PRI,auto_increment
protein_complex_protein_visualizations,2,protein_complex_visualization_id,int,YES,MUL,
protein_complex_protein_visualizations,3,protein_location_id,int,YES,MUL,
protein_complex_protein_visualizations,4,created_at,datetime,YES,,
protein_complex_protein_visualizations,5,updated_at,datetime,YES,,
protein_complex_visualizations,1,id,int,NO,PRI,auto_increment
protein_complex_visualizations,2,protein_complex_id,int,YES,MUL,
protein_complex_visualizations,3,created_at,datetime,YES,,
protein_complex_visualizations,4,updated_at,datetime,YES,,
protein_complex_visualizations,5,pathway_visualization_id,int,YES,MUL,
protein_complex_visualizations,6,biological_state_id,int,YES,MUL,
protein_locations,1,id,int,NO,PRI,auto_increment
protein_locations,2,protein_id,int,YES,MUL,
protein_locations,3,pathway_visualization_id,int,YES,MUL,
protein_locations,4,created_at,datetime,YES,,
protein_locations,5,updated_at,datetime,YES,,
protein_locations,6,biological_state_id,int,YES,MUL,
protein_locations,7,visualization_template_id,int,YES,MUL,
protein_locations,8,hidden,tinyint,YES,,
protein_locations,9,x,int,YES,,
protein_locations,10,y,int,YES,,
protein_locations,11,zindex,int,YES,,
protein_locations,12,label_type,varchar,YES,,
protein_locations,13,font_size,varchar,YES,,
protein_mappings,1,id,int,NO,PRI,auto_increment
protein_mappings,2,protein_1_id,int,YES,MUL,
protein_mappings,3,species_1_id,int,YES,,
protein_mappings,4,protein_2_id,int,YES,,
protein_mappings,5,created_at,datetime,YES,,
protein_mappings,6,updated_at,datetime,YES,,
protein_mappings,7,species_2_id,int,YES,,
reactions,1,id,int,NO,PRI,auto_increment
reactions,2,direction,varchar,YES,,
reactions,3,created_at,datetime,YES,,
reactions,4,updated_at,datetime,YES,,
reactions,5,spontaneous,tinyint,YES,,
reactions,6,source_db,varchar,YES,,
reactions,7,source_id,varchar,YES,,
reactions,8,signature,text,YES,,
reactions,9,user_id,int,NO,,
reactions,10,pwr_id,varchar,YES,,
reaction_bound_visualizations,1,id,int,NO,PRI,auto_increment
reaction_bound_visualizations,2,reaction_visualization_id,int,YES,MUL,
reaction_bound_visualizations,3,bound_visualization_id,int,YES,MUL,
reaction_bound_visualizations,4,edge_id,int,YES,MUL,
reaction_bound_visualizations,5,side,varchar,YES,,
reaction_bound_visualizations,6,created_at,datetime,NO,,
reaction_bound_visualizations,7,updated_at,datetime,NO,,
reaction_compound_visualizations,1,id,int,NO,PRI,auto_increment
reaction_compound_visualizations,2,reaction_visualization_id,int,YES,MUL,
reaction_compound_visualizations,3,compound_location_id,int,YES,MUL,
reaction_compound_visualizations,4,created_at,datetime,YES,,
reaction_compound_visualizations,5,updated_at,datetime,YES,,
reaction_compound_visualizations,6,edge_id,int,YES,MUL,
reaction_compound_visualizations,7,side,varchar,YES,,
reaction_coupled_transports,1,id,int,NO,PRI,auto_increment
reaction_coupled_transports,2,direction,varchar,YES,,
reaction_coupled_transports,3,source_db,varchar,YES,,
reaction_coupled_transports,4,source_id,varchar,YES,,
reaction_coupled_transports,5,signature,varchar,YES,,
reaction_coupled_transports,6,created_at,datetime,NO,,
reaction_coupled_transports,7,updated_at,datetime,NO,,
reaction_coupled_transports,8,user_id,int,NO,,
reaction_coupled_transports,9,pwrct_id,varchar,YES,,
reaction_coupled_transport_bound_visualizations,1,id,int,NO,PRI,auto_increment
reaction_coupled_transport_bound_visualizations,2,reaction_coupled_transport_visualization_id,int,YES,MUL,
reaction_coupled_transport_bound_visualizations,3,bound_visualization_id,int,YES,MUL,
reaction_coupled_transport_bound_visualizations,4,edge_id,int,YES,MUL,
reaction_coupled_transport_bound_visualizations,5,side,varchar,YES,,
reaction_coupled_transport_bound_visualizations,6,created_at,datetime,NO,,
reaction_coupled_transport_bound_visualizations,7,updated_at,datetime,NO,,
reaction_coupled_transport_compound_visualizations,1,id,int,NO,PRI,auto_increment
reaction_coupled_transport_compound_visualizations,2,reaction_coupled_transport_visualization_id,int,YES,MUL,
reaction_coupled_transport_compound_visualizations,3,compound_location_id,int,YES,MUL,
reaction_coupled_transport_compound_visualizations,4,edge_id,int,YES,MUL,
reaction_coupled_transport_compound_visualizations,5,side,varchar,YES,,
reaction_coupled_transport_elements,1,id,int,NO,PRI,auto_increment
reaction_coupled_transport_elements,2,reaction_coupled_transport_id,int,YES,MUL,
reaction_coupled_transport_elements,3,element_id,int,YES,MUL,
reaction_coupled_transport_elements,4,element_type,varchar,YES,,
reaction_coupled_transport_elements,5,stoichiometry,int,YES,,
reaction_coupled_transport_elements,6,biological_state_id,int,YES,MUL,
reaction_coupled_transport_elements,7,altext,varchar,YES,,
reaction_coupled_transport_elements,8,type,varchar,YES,,
reaction_coupled_transport_element_collection_visualizations,1,id,int,NO,PRI,auto_increment
reaction_coupled_transport_element_collection_visualizations,2,reaction_coupled_transport_visualization_id,int,YES,MUL,
reaction_coupled_transport_element_collection_visualizations,3,element_collection_location_id,int,YES,MUL,
reaction_coupled_transport_element_collection_visualizations,4,edge_id,int,YES,MUL,
reaction_coupled_transport_element_collection_visualizations,5,side,varchar,YES,,
reaction_coupled_transport_enzymes,1,id,int,NO,PRI,auto_increment
reaction_coupled_transport_enzymes,2,reaction_coupled_transport_id,int,YES,MUL,
reaction_coupled_transport_enzymes,3,protein_complex_id,int,YES,MUL,
reaction_coupled_transport_enzymes,4,biological_state_id,int,YES,MUL,
reaction_coupled_transport_enzymes,5,altext,varchar,YES,,
reaction_coupled_transport_enzymes,6,enzyme_class,varchar,YES,,
reaction_coupled_transport_enzyme_visualizations,1,id,int,NO,PRI,auto_increment
reaction_coupled_transport_enzyme_visualizations,2,reaction_coupled_transport_visualization_id,int,YES,MUL,
reaction_coupled_transport_enzyme_visualizations,3,protein_complex_visualization_id,int,YES,MUL,
reaction_coupled_transport_enzyme_visualizations,4,reaction_coupled_transport_enzyme_id,int,YES,MUL,
reaction_coupled_transport_nucleic_acid_visualizations,1,id,int,NO,PRI,auto_increment
reaction_coupled_transport_nucleic_acid_visualizations,2,reaction_coupled_transport_visualization_id,int,YES,MUL,
reaction_coupled_transport_nucleic_acid_visualizations,3,nucleic_acid_location_id,int,YES,MUL,
reaction_coupled_transport_nucleic_acid_visualizations,4,edge_id,int,YES,MUL,
reaction_coupled_transport_nucleic_acid_visualizations,5,side,varchar,YES,,
reaction_coupled_transport_protein_complex_visualizations,1,id,int,NO,PRI,auto_increment
reaction_coupled_transport_protein_complex_visualizations,2,reaction_coupled_transport_visualization_id,int,YES,MUL,
reaction_coupled_transport_protein_complex_visualizations,3,protein_complex_visualization_id,int,YES,MUL,
reaction_coupled_transport_protein_complex_visualizations,4,edge_id,int,YES,MUL,
reaction_coupled_transport_protein_complex_visualizations,5,side,varchar,YES,,
reaction_coupled_transport_visualizations,1,id,int,NO,PRI,auto_increment
reaction_coupled_transport_visualizations,2,reaction_coupled_transport_id,int,YES,MUL,
reaction_coupled_transport_visualizations,3,pathway_visualization_id,int,YES,MUL,
reaction_elements,1,id,int,NO,PRI,auto_increment
reaction_elements,2,reaction_id,int,YES,MUL,
reaction_elements,3,element_id,int,YES,MUL,
reaction_elements,4,stoichiometry,int,YES,,
reaction_elements,5,altext,varchar,YES,,
reaction_elements,6,type,varchar,YES,,
reaction_elements,7,element_type,varchar,YES,,
reaction_elements,8,currency,tinyint,YES,,
reaction_element_collection_visualizations,1,id,int,NO,PRI,auto_increment
reaction_element_collection_visualizations,2,element_collection_location_id,int,YES,MUL,
reaction_element_collection_visualizations,3,reaction_visualization_id,int,YES,MUL,
reaction_element_collection_visualizations,4,edge_id,int,YES,MUL,
reaction_element_collection_visualizations,5,created_at,datetime,NO,,
reaction_element_collection_visualizations,6,updated_at,datetime,NO,,
reaction_element_collection_visualizations,7,side,varchar,YES,,
reaction_enzymes,1,id,int,NO,PRI,auto_increment
reaction_enzymes,2,reaction_id,int,YES,MUL,
reaction_enzymes,3,protein_complex_id,int,YES,MUL,
reaction_enzymes,4,enzyme_class,varchar,YES,,
reaction_enzyme_visualizations,1,id,int,NO,PRI,auto_increment
reaction_enzyme_visualizations,2,reaction_visualization_id,int,YES,MUL,
reaction_enzyme_visualizations,3,reaction_enzyme_id,int,YES,MUL,
reaction_enzyme_visualizations,4,protein_complex_visualization_id,int,YES,MUL,
reaction_enzyme_visualizations,5,created_at,datetime,YES,,
reaction_enzyme_visualizations,6,updated_at,datetime,YES,,
reaction_nucleic_acid_visualizations,1,id,int,NO,PRI,auto_increment
reaction_nucleic_acid_visualizations,2,reaction_visualization_id,int,YES,MUL,
reaction_nucleic_acid_visualizations,3,nucleic_acid_location_id,int,YES,MUL,
reaction_nucleic_acid_visualizations,4,edge_id,int,YES,MUL,
reaction_nucleic_acid_visualizations,5,created_at,datetime,YES,,
reaction_nucleic_acid_visualizations,6,updated_at,datetime,YES,,
reaction_nucleic_acid_visualizations,7,side,varchar,YES,,
reaction_protein_complex_visualizations,1,id,int,NO,PRI,auto_increment
reaction_protein_complex_visualizations,2,reaction_visualization_id,int,YES,MUL,
reaction_protein_complex_visualizations,3,protein_complex_visualization_id,int,YES,MUL,
reaction_protein_complex_visualizations,4,created_at,datetime,YES,,
reaction_protein_complex_visualizations,5,updated_at,datetime,YES,,
reaction_protein_complex_visualizations,6,edge_id,int,YES,MUL,
reaction_protein_complex_visualizations,7,side,varchar,YES,,
reaction_visualizations,1,id,int,NO,PRI,auto_increment
reaction_visualizations,2,pathway_visualization_id,int,YES,MUL,
reaction_visualizations,3,reaction_id,int,YES,MUL,
reaction_visualizations,4,created_at,datetime,YES,,
reaction_visualizations,5,updated_at,datetime,YES,,
reaction_visualizations,6,biological_state_id,int,YES,MUL,
species,1,id,int,NO,PRI,auto_increment
species,2,name,varchar,YES,,
species,3,taxonomy_id,varchar,YES,,
species,4,created_at,datetime,YES,,
species,5,updated_at,datetime,YES,,
species,6,user_id,int,NO,,
species,7,classification,varchar,YES,,
species,8,common_name,varchar,YES,,
species,9,gram_stain,varchar,YES,,
subcellular_locations,1,id,int,NO,PRI,auto_increment
subcellular_locations,2,name,varchar,YES,,
subcellular_locations,3,created_at,datetime,YES,,
subcellular_locations,4,updated_at,datetime,YES,,
subcellular_locations,5,ontology_id,varchar,YES,,
subcellular_locations,6,user_id,int,NO,,
sub_pathways,1,id,int,NO,PRI,auto_increment
sub_pathways,2,pathway_id,int,YES,MUL,
sub_pathways,3,reference_pathway_id,int,YES,MUL,
sub_pathways,4,altext,text,YES,,
sub_pathways,5,sub_pathway_type,varchar,YES,,
sub_pathways,6,created_at,datetime,YES,,
sub_pathways,7,updated_at,datetime,YES,,
sub_pathways,8,signature,text,YES,,
sub_pathway_bound_visualizations,1,id,int,NO,PRI,auto_increment
sub_pathway_bound_visualizations,2,sub_pathway_visualization_id,int,YES,MUL,
sub_pathway_bound_visualizations,3,bound_visualization_id,int,YES,MUL,
sub_pathway_bound_visualizations,4,edge_id,int,YES,MUL,
sub_pathway_bound_visualizations,5,side,varchar,YES,,
sub_pathway_bound_visualizations,6,created_at,datetime,NO,,
sub_pathway_bound_visualizations,7,updated_at,datetime,NO,,
sub_pathway_compound_visualizations,1,id,int,NO,PRI,auto_increment
sub_pathway_compound_visualizations,2,sub_pathway_visualization_id,int,YES,MUL,
sub_pathway_compound_visualizations,3,compound_location_id,int,YES,MUL,
sub_pathway_compound_visualizations,4,edge_id,int,YES,MUL,
sub_pathway_compound_visualizations,5,created_at,datetime,YES,,
sub_pathway_compound_visualizations,6,updated_at,datetime,YES,,
sub_pathway_compound_visualizations,7,side,varchar,YES,,
sub_pathway_elements,1,id,int,NO,PRI,auto_increment
sub_pathway_elements,2,element_id,int,YES,MUL,
sub_pathway_elements,3,element_type,varchar,YES,,
sub_pathway_elements,4,sub_pathway_id,int,YES,MUL,
sub_pathway_elements,5,created_at,datetime,YES,,
sub_pathway_elements,6,updated_at,datetime,YES,,
sub_pathway_elements,7,biological_state_id,int,YES,MUL,
sub_pathway_elements,8,type,varchar,YES,,
sub_pathway_element_collection_visualizations,1,id,int,NO,PRI,auto_increment
sub_pathway_element_collection_visualizations,2,element_collection_location_id,int,YES,MUL,
sub_pathway_element_collection_visualizations,3,sub_pathway_visualization_id,int,YES,MUL,
sub_pathway_element_collection_visualizations,4,edge_id,int,YES,MUL,
sub_pathway_element_collection_visualizations,5,created_at,datetime,NO,,
sub_pathway_element_collection_visualizations,6,updated_at,datetime,NO,,
sub_pathway_element_collection_visualizations,7,side,varchar,YES,,
sub_pathway_nucleic_acid_visualizations,1,id,int,NO,PRI,auto_increment
sub_pathway_nucleic_acid_visualizations,2,sub_pathway_visualization_id,int,YES,MUL,
sub_pathway_nucleic_acid_visualizations,3,nucleic_acid_location_id,int,YES,MUL,
sub_pathway_nucleic_acid_visualizations,4,edge_id,int,YES,MUL,
sub_pathway_nucleic_acid_visualizations,5,created_at,datetime,YES,,
sub_pathway_nucleic_acid_visualizations,6,updated_at,datetime,YES,,
sub_pathway_nucleic_acid_visualizations,7,side,varchar,YES,,
sub_pathway_protein_complex_visualizations,1,id,int,NO,PRI,auto_increment
sub_pathway_protein_complex_visualizations,2,sub_pathway_visualization_id,int,YES,MUL,
sub_pathway_protein_complex_visualizations,3,protein_complex_visualization_id,int,YES,MUL,
sub_pathway_protein_complex_visualizations,4,edge_id,int,YES,MUL,
sub_pathway_protein_complex_visualizations,5,created_at,datetime,YES,,
sub_pathway_protein_complex_visualizations,6,updated_at,datetime,YES,,
sub_pathway_protein_complex_visualizations,7,side,varchar,YES,,
sub_pathway_visualizations,1,id,int,NO,PRI,auto_increment
sub_pathway_visualizations,2,sub_pathway_id,int,YES,MUL,
sub_pathway_visualizations,3,pathway_visualization_id,int,YES,MUL,
sub_pathway_visualizations,4,created_at,datetime,YES,,
sub_pathway_visualizations,5,updated_at,datetime,YES,,
sub_pathway_visualizations,6,visualization_template_id,int,YES,MUL,
sub_pathway_visualizations,7,hidden,tinyint,YES,,
sub_pathway_visualizations,8,x,int,YES,,
sub_pathway_visualizations,9,y,int,YES,,
sub_pathway_visualizations,10,zindex,int,YES,,
sub_pathway_visualizations,11,font_size,varchar,YES,,
super_pathway_visualizations,1,id,int,NO,PRI,auto_increment
super_pathway_visualizations,2,smpdb_id,varchar,YES,MUL,
super_pathway_visualizations,3,named_for_id,int,YES,,
super_pathway_visualizations,4,named_for_type,varchar,YES,MUL,
super_pathway_visualizations,5,created_at,datetime,NO,,
super_pathway_visualizations,6,updated_at,datetime,NO,,
super_pathway_visualizations,7,rank,int,YES,,
super_pathway_visualizations,8,kegg_id,varchar,YES,,
super_pathway_visualizations,9,export,tinyint,YES,,
super_pathway_visualizations,10,cached_name,varchar,YES,,
super_pathway_visualizations,11,cached_description,text,YES,,
super_pathway_visualizations,12,cached_subject,varchar,YES,,
super_pathway_visualizations,13,drug_metabolism,tinyint,YES,,
super_pathway_visualizations,14,user_id,int,NO,,
super_pathway_visualizations,15,pw_id,varchar,YES,MUL,
super_pathway_visualizations,16,private_pathway,tinyint,NO,,
super_pathway_visualizations,17,last_images,datetime,YES,,
super_pathway_visualizations,18,image_status,varchar,YES,,
super_pathway_visualizations,19,greyscale_vector_image_file_name,varchar,YES,,
super_pathway_visualizations,20,greyscale_vector_image_content_type,varchar,YES,,
super_pathway_visualizations,21,greyscale_vector_image_file_size,int,YES,,
super_pathway_visualizations,22,greyscale_vector_image_updated_at,datetime,YES,,
super_pathway_visualizations,23,simple_vector_image_file_name,varchar,YES,,
super_pathway_visualizations,24,simple_vector_image_content_type,varchar,YES,,
super_pathway_visualizations,25,simple_vector_image_file_size,int,YES,,
super_pathway_visualizations,26,simple_vector_image_updated_at,datetime,YES,,
super_pathway_visualizations,27,full_vector_image_file_name,varchar,YES,,
super_pathway_visualizations,28,full_vector_image_content_type,varchar,YES,,
super_pathway_visualizations,29,full_vector_image_file_size,int,YES,,
super_pathway_visualizations,30,full_vector_image_updated_at,datetime,YES,,
super_pathway_visualizations,31,full_raster_image_file_name,varchar,YES,,
super_pathway_visualizations,32,full_raster_image_content_type,varchar,YES,,
super_pathway_visualizations,33,full_raster_image_file_size,int,YES,,
super_pathway_visualizations,34,full_raster_image_updated_at,datetime,YES,,
super_pathway_visualizations,35,pwml_markup_file_name,varchar,YES,,
super_pathway_visualizations,36,pwml_markup_content_type,varchar,YES,,
super_pathway_visualizations,37,pwml_markup_file_size,int,YES,,
super_pathway_visualizations,38,pwml_markup_updated_at,datetime,YES,,
super_pathway_visualizations,39,sbml_markup_file_name,varchar,YES,,
super_pathway_visualizations,40,sbml_markup_content_type,varchar,YES,,
super_pathway_visualizations,41,sbml_markup_file_size,int,YES,,
super_pathway_visualizations,42,sbml_markup_updated_at,datetime,YES,,
super_pathway_visualizations,43,sbgn_markup_file_name,varchar,YES,,
super_pathway_visualizations,44,sbgn_markup_content_type,varchar,YES,,
super_pathway_visualizations,45,sbgn_markup_file_size,int,YES,,
super_pathway_visualizations,46,sbgn_markup_updated_at,datetime,YES,,
super_pathway_visualizations,47,owl_markup_file_name,varchar,YES,,
super_pathway_visualizations,48,owl_markup_content_type,varchar,YES,,
super_pathway_visualizations,49,owl_markup_file_size,int,YES,,
super_pathway_visualizations,50,owl_markup_updated_at,datetime,YES,,
super_pathway_visualizations,51,cached_species_id,int,YES,MUL,
super_pathway_visualizations,52,parent_id,int,YES,,
super_pathway_visualizations,53,model_id,int,YES,,
super_pathway_visualizations,54,large_font_vector_image_file_name,varchar,YES,,
super_pathway_visualizations,55,large_font_vector_image_content_type,varchar,YES,,
super_pathway_visualizations,56,large_font_vector_image_file_size,int,YES,,
super_pathway_visualizations,57,large_font_vector_image_updated_at,datetime,YES,,
super_pathway_visualizations,58,simple_large_font_vector_image_file_name,varchar,YES,,
super_pathway_visualizations,59,simple_large_font_vector_image_content_type,varchar,YES,,
super_pathway_visualizations,60,simple_large_font_vector_image_file_size,int,YES,,
super_pathway_visualizations,61,simple_large_font_vector_image_updated_at,datetime,YES,,
super_pathway_visualizations,62,greyscale_raster_image_file_name,varchar,YES,,
super_pathway_visualizations,63,greyscale_raster_image_content_type,varchar,YES,,
super_pathway_visualizations,64,greyscale_raster_image_file_size,int,YES,,
super_pathway_visualizations,65,greyscale_raster_image_updated_at,datetime,YES,,
super_pathway_visualizations,66,simple_raster_image_file_name,varchar,YES,,
super_pathway_visualizations,67,simple_raster_image_content_type,varchar,YES,,
super_pathway_visualizations,68,simple_raster_image_file_size,int,YES,,
super_pathway_visualizations,69,simple_raster_image_updated_at,datetime,YES,,
super_pathway_visualization_links,1,id,int,NO,PRI,auto_increment
super_pathway_visualization_links,2,super_pathway_visualization_id,int,YES,MUL,
super_pathway_visualization_links,3,element_id,int,YES,,
super_pathway_visualization_links,4,element_type,varchar,YES,MUL,
super_pathway_visualization_links,5,created_at,datetime,NO,,
super_pathway_visualization_links,6,updated_at,datetime,NO,,
transports,1,id,int,NO,PRI,auto_increment
transports,2,created_at,datetime,YES,,
transports,3,updated_at,datetime,YES,,
transports,4,user_id,int,NO,,
transports,5,signature,text,YES,,
transports,6,pwt_id,varchar,YES,,
transports,7,transport_type,varchar,YES,,
transport_bound_visualizations,1,id,int,NO,PRI,auto_increment
transport_bound_visualizations,2,transport_visualization_id,int,YES,MUL,
transport_bound_visualizations,3,bound_visualization_id,int,YES,MUL,
transport_bound_visualizations,4,edge_id,int,YES,MUL,
transport_bound_visualizations,5,side,varchar,YES,,
transport_bound_visualizations,6,created_at,datetime,NO,,
transport_bound_visualizations,7,updated_at,datetime,NO,,
transport_compound_visualizations,1,id,int,NO,PRI,auto_increment
transport_compound_visualizations,2,transport_visualization_id,int,YES,MUL,
transport_compound_visualizations,3,compound_location_id,int,YES,MUL,
transport_compound_visualizations,4,edge_id,int,YES,MUL,
transport_compound_visualizations,5,created_at,datetime,YES,,
transport_compound_visualizations,6,updated_at,datetime,YES,,
transport_compound_visualizations,7,side,varchar,YES,,
transport_elements,1,id,int,NO,PRI,auto_increment
transport_elements,2,transport_id,int,YES,,
transport_elements,3,element_id,int,YES,,
transport_elements,4,stoichiometry,int,YES,,
transport_elements,5,altext,varchar,YES,,
transport_elements,6,created_at,datetime,YES,,
transport_elements,7,updated_at,datetime,YES,,
transport_elements,8,element_type,varchar,YES,,
transport_elements,9,left_biological_state_id,int,YES,,
transport_elements,10,right_biological_state_id,int,YES,,
transport_elements,11,direction,varchar,YES,,
transport_element_collection_visualizations,1,id,int,NO,PRI,auto_increment
transport_element_collection_visualizations,2,element_collection_location_id,int,YES,MUL,
transport_element_collection_visualizations,3,transport_visualization_id,int,YES,MUL,
transport_element_collection_visualizations,4,edge_id,int,YES,MUL,
transport_element_collection_visualizations,5,created_at,datetime,NO,,
transport_element_collection_visualizations,6,updated_at,datetime,NO,,
transport_element_collection_visualizations,7,side,varchar,YES,,
transport_nucleic_acid_visualizations,1,id,int,NO,PRI,auto_increment
transport_nucleic_acid_visualizations,2,transport_visualization_id,int,YES,MUL,
transport_nucleic_acid_visualizations,3,nucleic_acid_location_id,int,YES,MUL,
transport_nucleic_acid_visualizations,4,edge_id,int,YES,MUL,
transport_nucleic_acid_visualizations,5,created_at,datetime,YES,,
transport_nucleic_acid_visualizations,6,updated_at,datetime,YES,,
transport_nucleic_acid_visualizations,7,side,varchar,YES,,
transport_protein_complex_visualizations,1,id,int,NO,PRI,auto_increment
transport_protein_complex_visualizations,2,transport_visualization_id,int,YES,MUL,
transport_protein_complex_visualizations,3,protein_complex_visualization_id,int,YES,MUL,
transport_protein_complex_visualizations,4,edge_id,int,YES,MUL,
transport_protein_complex_visualizations,5,created_at,datetime,YES,,
transport_protein_complex_visualizations,6,updated_at,datetime,YES,,
transport_protein_complex_visualizations,7,side,varchar,YES,,
transport_transporters,1,id,int,NO,PRI,auto_increment
transport_transporters,2,transport_id,int,YES,MUL,
transport_transporters,3,protein_complex_id,int,YES,MUL,
transport_transporters,4,altext,varchar,YES,,
transport_transporters,5,created_at,datetime,YES,,
transport_transporters,6,updated_at,datetime,YES,,
transport_transporters,7,biological_state_id,int,YES,MUL,
transport_transporter_visualizations,1,id,int,NO,PRI,auto_increment
transport_transporter_visualizations,2,transport_visualization_id,int,YES,MUL,
transport_transporter_visualizations,3,protein_complex_visualization_id,int,YES,MUL,
transport_transporter_visualizations,4,created_at,datetime,YES,,
transport_transporter_visualizations,5,updated_at,datetime,YES,,
transport_transporter_visualizations,6,transport_transporter_id,int,YES,MUL,
transport_visualizations,1,id,int,NO,PRI,auto_increment
transport_visualizations,2,transport_id,int,YES,MUL,
transport_visualizations,3,pathway_visualization_id,int,YES,MUL,
transport_visualizations,4,created_at,datetime,YES,,
transport_visualizations,5,updated_at,datetime,YES,,
vacuous_compound_visualizations,1,id,int,NO,PRI,auto_increment
vacuous_compound_visualizations,2,pathway_visualization_id,int,YES,,
vacuous_compound_visualizations,3,compound_location_id,int,YES,,
vacuous_edge_visualizations,1,id,int,NO,PRI,auto_increment
vacuous_edge_visualizations,2,pathway_visualization_id,int,YES,,
vacuous_edge_visualizations,3,edge_id,int,YES,,
vacuous_element_collection_visualizations,1,id,int,NO,PRI,auto_increment
vacuous_element_collection_visualizations,2,pathway_visualization_id,int,YES,,
vacuous_element_collection_visualizations,3,element_collection_location_id,int,YES,,
vacuous_nucleic_acid_visualizations,1,id,int,NO,PRI,auto_increment
vacuous_nucleic_acid_visualizations,2,pathway_visualization_id,int,YES,,
vacuous_nucleic_acid_visualizations,3,nucleic_acid_location_id,int,YES,,
vacuous_protein_visualizations,1,id,int,NO,PRI,auto_increment
vacuous_protein_visualizations,2,pathway_visualization_id,int,YES,,
vacuous_protein_visualizations,3,protein_location_id,int,YES,,
visualization_templates,1,id,int,NO,PRI,auto_increment
visualization_templates,2,description,text,YES,,
visualization_templates,3,visualization_type,varchar,YES,,
visualization_templates,4,partial,varchar,YES,,
visualization_templates,5,created_at,datetime,YES,,
visualization_templates,6,updated_at,datetime,YES,,
visualization_templates,7,default_color,varchar,YES,,
visualization_templates,8,text_length,int,YES,,
visualization_templates,9,user_id,int,NO,,
visualization_templates,10,hex_color,varchar,YES,,
visualization_templates,11,width,decimal,YES,,
visualization_templates,12,height,decimal,YES,,
visualization_templates,13,rank,int,YES,,
visualization_templates,14,compound_id,int,YES,,
zoom_visualizations,1,id,int,NO,PRI,auto_increment
zoom_visualizations,2,p1x,int,YES,,
zoom_visualizations,3,p1y,int,YES,,
zoom_visualizations,4,p2x,int,YES,,
zoom_visualizations,5,p2y,int,YES,,
zoom_visualizations,6,p3x,int,YES,,
zoom_visualizations,7,p3y,int,YES,,
zoom_visualizations,8,pathway_visualization_id,int,YES,MUL,
zoom_visualizations,9,created_at,datetime,YES,,
zoom_visualizations,10,updated_at,datetime,YES,,
zoom_visualizations,11,visualization_template_id,int,YES,,
zoom_visualizations,12,color,varchar,YES,,
zoom_visualizations,13,zindex,int,YES,,
zoom_visualizations,14,label,varchar,YES,,
